"","V1","V2","V3","V4","V5","V6","V7","V8","V9","V10","V11","V12","V13","V14","V15","V16","V17","V18","V19","V20","V21","V22","V23","V24","V25","V26","V27","V28","V29","V30","V31","V32","V33","V34","V35","V36","V37","V38","V39","V40","V41","V42","V43","V44","V45","V46","V47","V48","V49","V50","V51","V52","V53","V54","V55","V56","V57","V58","V59","V60","V61","V62","V63","V64","V65","V66","V67","V68","V69","V70","V71","V72","V73","V74","V75","V76"
"1",3.88351721426903e-06,0.00218365069298561,4.12045740485919e-06,3.74005762741593e-06,0.00210549037056746,4.70476574278425e-06,3.93337601677883e-06,3.26616307765948e-06,5.47044857061874e-06,3.80636925513565e-06,4.31258517631942e-06,4.2340500211228e-06,4.99352325610359e-06,4.5841395429352e-06,3.72324990971294e-06,3.59294021848482e-06,4.16244356855551e-06,0.00210549037056746,5.31956268218664e-06,3.66570834184436e-06,4.15803012918801e-06,3.74792143044208e-06,3.85880567533601e-06,4.01608817170976e-06,3.41164633073036e-06,3.67601689786926e-06,3.80686192721745e-06,4.11267911838585e-06,3.9510773392455e-06,0.00210549037056746,4.63251548350493e-06,6.81146555030459e-06,7.01201918074157e-06,4.37610963676033e-06,4.29369785662926e-06,4.97620361092695e-06,4.65930164496485e-06,5.77552796908205e-06,7.58626056929732e-06,4.5360638216323e-06,4.49997501567727e-06,3.95293592780986e-06,3.70425844760277e-06,5.98898040912058e-06,2.90831478675334e-06,3.61946953601217e-06,0.00196483411247411,3.04785406812077e-06,6.27052371886498e-06,4.565992198368e-06,8.86570364058894e-06,7.85365567514146e-06,4.12971429969085e-06,5.34566755321536e-06,3.56420355539e-06,3.99861616269923e-06,3.89534706157423e-06,3.28256685513869e-06,3.38047262253413e-06,4.11066731696275e-06,6.37448953645827e-06,8.07576808843587e-06,0.00210549037056746,3.75653792605995e-06,0.463731760927986,0.00210549037056746,3.39765523989873e-06,0.00210549037056746,3.82294349092456e-06,3.6702827756128e-06,0.00210549037056746,3.78165406229053e-06,3.70963136031594e-06,5.69776710107451e-06,5.70329143818738e-06,0.51708543508274
"2",1.21490437754865e-05,0.006831247654054,1.28902782258129e-05,1.1700250399655e-05,0.00658673395006544,1.47182056390739e-05,1.23050201085022e-05,1.02177371745812e-05,1.71135379320068e-05,1.19076971093105e-05,1.34913232520538e-05,1.32456369358215e-05,1.56215433806777e-05,1.43408433405235e-05,1.16476697911825e-05,1.1240014035909e-05,1.30216261026389e-05,0.00658673395006544,1.66415124039805e-05,1.14676589946868e-05,1.3007819271069e-05,1.17248512143122e-05,1.20717371609687e-05,1.25637735877782e-05,1.06728613088748e-05,1.14999078792671e-05,1.19092383654344e-05,1.28659449378039e-05,1.2360396235262e-05,0.00658673395006544,1.44921807460853e-05,2.13087231445283e-05,2.19361272993391e-05,1.36900506963084e-05,1.343223689784e-05,1.55673612782645e-05,1.45759775287951e-05,1.80679364224555e-05,2.37325616608572e-05,1.41904451292059e-05,1.40775463163098e-05,1.23662105712321e-05,1.15882576418841e-05,0.497726022161669,0.442264417301858,1.13230073180784e-05,0.00614671039858135,9.5347877843419e-06,1.96164618186342e-05,1.42840718956215e-05,2.77351214600651e-05,2.45690700801621e-05,1.29192371345366e-05,1.67231778642792e-05,1.11501153799644e-05,1.25091148362901e-05,1.21860518083697e-05,1.02690541122134e-05,1.05753386960925e-05,1.28596512967027e-05,1.99417044271784e-05,2.52639178903579e-05,0.00658673395006544,1.17518067231145e-05,1.32019249044749e-05,0.00658673395006544,1.06290921260433e-05,0.00658673395006544,1.195954730207e-05,1.14819694748609e-05,0.00658673395006544,1.18303790640366e-05,1.16050660524441e-05,1.78246723560643e-05,1.78419544768099e-05,1.34567932007686e-05
"3",1.66684953634317e-05,0.00937247588800405,1.76854694748767e-05,1.60527505819963e-05,0.00903700293914099,2.01933869847394e-05,1.68824949860952e-05,1.40187415459741e-05,2.34797843306105e-05,1.63373675923514e-05,1.85101036122006e-05,1.81730218386343e-05,2.14327669092662e-05,1.96756456842748e-05,1.59806099555629e-05,1.54213060142631e-05,1.78656788408425e-05,0.00903700293914099,2.28321650223976e-05,1.57336350345563e-05,1.78467358596285e-05,1.60865029144949e-05,1.65624306418399e-05,0.00442904980991689,0.913231489538167,1.5777880523587e-05,1.63394821966799e-05,1.76520841891002e-05,1.69584710652994e-05,0.00903700293914099,1.98832806956829e-05,2.92355809641485e-05,3.00963798417164e-05,1.87827577851841e-05,1.84290370986993e-05,2.13584290321835e-05,1.99982499319356e-05,2.4789219633248e-05,3.25610888656556e-05,1.94692992479344e-05,1.93144020087711e-05,1.69664483377456e-05,1.58990964510096e-05,2.57053816613246e-05,1.2482816185359e-05,1.55351728472914e-05,0.00843329036198225,1.3081734572007e-05,2.69137974077096e-05,1.95977552277408e-05,3.80526033163295e-05,3.37087789198134e-05,1.77252011150545e-05,2.29442100830211e-05,1.52979650042641e-05,1.71625130753129e-05,1.67192704067951e-05,1.40891484152549e-05,1.45093710484617e-05,1.7643449309726e-05,2.73600304621536e-05,3.46621105331137e-05,0.00903700293914099,1.6123485888776e-05,1.8113048905349e-05,0.00903700293914099,1.45831207866684e-05,0.00903700293914099,1.64085060879875e-05,1.5753269021958e-05,0.00903700293914099,1.62312871877554e-05,1.59221576004023e-05,2.44554611879197e-05,2.44791722679719e-05,1.84627283610794e-05
"4",6.0996137458081e-06,0.00342973264906345,6.471761869202e-06,5.8742901487549e-06,0.00330697079410196,7.38950086021323e-06,6.17792405585923e-06,5.12997164821182e-06,8.59211417281252e-06,5.97844195075026e-06,6.77352574228191e-06,6.65017515936022e-06,7.84303542701687e-06,7.20004033097945e-06,5.84789124789252e-06,5.643221424129e-06,6.5377070851199e-06,0.00330697079410196,8.35512651746049e-06,5.75751406685753e-06,6.53077515358798e-06,5.88664136503286e-06,6.06080077441142e-06,6.3078352083857e-06,5.35847369963971e-06,5.77370511393152e-06,5.97921576202404e-06,6.45954496878058e-06,6.20572648955e-06,0.00330697079410196,7.27602159635955e-06,1.0698371246323e-05,1.10133691241463e-05,6.8732999033637e-06,6.74386053199771e-06,7.81583247156099e-06,7.31809305623052e-06,9.07128457164387e-06,1.19152965455511e-05,7.12453060247321e-06,7.06784802203702e-06,6.20864566609268e-06,5.81806246718967e-06,9.40654185659975e-06,4.56792023097975e-06,5.68488947423115e-06,0.00308605022185683,0.300832043620161,0.0349122604038721,0.291834150802515,0.0152198291837014,0.32710708884158,6.48630113344197e-06,8.39612791422892e-06,5.59808642522187e-06,6.28039294395182e-06,6.11819419627411e-06,5.15573610374911e-06,5.30951097628087e-06,6.45638514974614e-06,1.0012038534612e-05,1.26841374255254e-05,0.00330697079410196,5.900174791618e-06,6.62822886365282e-06,0.00330697079410196,5.33649871015288e-06,0.00330697079410196,6.00447413520224e-06,5.76469886289518e-06,0.00330697079410196,5.93962324036719e-06,5.8265013874859e-06,8.94915011640262e-06,8.95782687016241e-06,6.75618940047963e-06
"5",2.35148159905637e-05,0.0132220720033266,2.49494961207367e-05,2.2646163786696e-05,0.0127488088508748,2.84875010502825e-05,2.38167125708646e-05,1.97767177351863e-05,3.31237340860233e-05,2.30476827288896e-05,0.00334761611521046,0.880500068088545,3.02359366608286e-05,2.77571057059103e-05,2.25443925398594e-05,2.17553633578186e-05,2.52037236312627e-05,0.0127488088508748,3.2210115398042e-05,2.21959765793826e-05,2.5177000120361e-05,2.26937793555072e-05,2.33651868634624e-05,2.43175372089626e-05,2.06576233001471e-05,2.22583952026767e-05,2.30506658734742e-05,2.49023983572788e-05,2.39238946219867e-05,0.0127488088508748,2.80500235116273e-05,4.12436330790473e-05,4.24579914701051e-05,2.64974782356721e-05,2.59984723762113e-05,3.01310656774185e-05,2.8212214541838e-05,3.49709992123418e-05,4.59350407120758e-05,2.74660057370734e-05,2.72474869087717e-05,2.3935148432819e-05,2.24293986535773e-05,3.6263460291644e-05,1.7609935344657e-05,2.19159991901302e-05,0.0118971308887342,1.84548499784211e-05,3.79682136780044e-05,2.76472229772727e-05,5.36821077989117e-05,4.75541262893457e-05,2.50055469032106e-05,3.23681811937702e-05,2.15813619803109e-05,2.42117436578594e-05,2.35864460792771e-05,1.98760431115633e-05,2.04688655397116e-05,2.48902168378818e-05,3.85977298961975e-05,4.88990237726496e-05,0.0127488088508748,2.27459525010757e-05,2.55526970341775e-05,0.0127488088508748,2.05729068155119e-05,0.0127488088508748,2.31480402355664e-05,2.22236749163258e-05,0.0127488088508748,2.28980314772384e-05,2.24619318050512e-05,3.4500154768613e-05,3.45336047994772e-05,2.60460017913195e-05
"6",1.18275203808115e-05,0.00665045927464026,1.25491381254019e-05,1.13906042829265e-05,0.00641241660471857,1.43286895974783e-05,1.19793688136396e-05,9.94732564236692e-06,1.6660629628071e-05,1.15925609333201e-05,1.31342765469122e-05,1.28950922978286e-05,1.52081205837369e-05,1.39613141595808e-05,1.13394152157179e-05,1.09425480348142e-05,1.26770098920071e-05,0.00641241660471857,1.62010962148933e-05,1.11641683894108e-05,1.26635684570427e-05,1.14145540391477e-05,1.17522596791729e-05,1.22312744044252e-05,1.03904049557379e-05,1.11955638100448e-05,1.15940614002338e-05,1.25254488157593e-05,0.0381003525285114,0.00641241660471857,0.675828997722541,0.0493670434987119,0.0377111055640675,0.029415428947471,0.0286106160433262,0.0235643193953156,0.0302301323684161,0.00170474106414922,2.31044814653666e-05,0.0262503623699712,1.37049852683822e-05,0.00093582647955285,1.12815754038216e-05,1.8239854220007e-05,8.85747391250209e-06,1.10233449069359e-05,0.00598403823853668,9.28245044878035e-06,1.90973138501196e-05,1.3906045166067e-05,2.70011138650348e-05,2.39188517615714e-05,1.25773306391062e-05,1.62806004058355e-05,1.08550285390381e-05,1.21780621920764e-05,1.18635489992995e-05,9.99728448167495e-06,1.02954632704837e-05,1.25193217353265e-05,1.94139489411073e-05,2.45953104844576e-05,0.00641241660471857,1.14407961727365e-05,1.28525371016179e-05,0.00641241660471857,1.03477941205514e-05,0.00641241660471857,1.16430389152045e-05,1.11781001439626e-05,0.00641241660471857,1.15172891034394e-05,1.12979389812471e-05,1.7352943940989e-05,1.73697686919011e-05,1.31006603304533e-05
"7",3.61931946332949e-05,0.0203509576967933,3.84014048616339e-05,3.48561950881638e-05,0.0196225273575412,4.38469801568008e-05,3.6657863448664e-05,3.04396425846825e-05,5.09829103165442e-05,3.54741992107391e-05,4.01919770268278e-05,3.94600533605328e-05,4.65381120109337e-05,4.27227808065391e-05,3.46995522912861e-05,3.3485105758155e-05,3.87927030871144e-05,0.0196225273575412,4.9576699908264e-05,3.41632824486496e-05,3.87515711798208e-05,3.49294833312125e-05,3.59628906359275e-05,3.74287154770663e-05,3.17955020810515e-05,3.42593550431591e-05,3.54787907641077e-05,3.83289136067455e-05,3.68228343690835e-05,0.0196225273575412,4.31736298014079e-05,6.34807790974501e-05,6.53498776955325e-05,4.07840056014057e-05,4.0015952974421e-05,4.6376698206315e-05,4.34232686472551e-05,5.38261571564503e-05,7.07016320964471e-05,4.22747297635674e-05,4.19383931115205e-05,3.68401558469969e-05,3.45225576633239e-05,5.58154687214617e-05,2.71046057798062e-05,3.3732350896976e-05,0.018311653980475,2.84050692748475e-05,5.84393664010807e-05,4.25536530963322e-05,8.26256508522632e-05,7.31936728357667e-05,3.84876762949396e-05,4.98199893353195e-05,3.3217288832642e-05,3.72658816880388e-05,3.63034451980217e-05,3.05925207820147e-05,3.15049726393273e-05,3.83101642317711e-05,5.94082960758451e-05,7.52636927072632e-05,0.0196225273575412,0.821177714996338,3.93298309259461e-05,0.0196225273575412,3.16651093865783e-05,0.0196225273575412,3.56286660274696e-05,3.42059147746013e-05,0.0196225273575412,3.52438611600267e-05,3.45726315692309e-05,5.31014496103347e-05,5.31529347454105e-05,4.0089108612658e-05
"8",2.90373110082197e-05,0.0163272983759575,3.08089282368582e-05,2.79646543388328e-05,0.0157428885573993,3.51778397150115e-05,2.94101085201387e-05,2.44213139421898e-05,4.09029000607702e-05,2.84604706958414e-05,3.22454800906027e-05,3.16582676229601e-05,3.7336898438739e-05,3.42759097665908e-05,2.7838981939471e-05,2.68646478956632e-05,3.11228615159003e-05,0.0157428885573993,3.9774716451063e-05,2.74087398908556e-05,3.10898619424571e-05,2.80234525059527e-05,2.88525412230225e-05,3.0028552686696e-05,2.55091016956173e-05,2.74858176352881e-05,2.84641544370674e-05,3.07507694825703e-05,2.95424624604877e-05,0.0157428885573993,3.46376198232572e-05,5.09297713112356e-05,5.24293238610296e-05,3.27204566164372e-05,3.21042583718113e-05,3.72073983243329e-05,3.48379016961353e-05,4.31839985821906e-05,5.67229641034416e-05,3.39164444689252e-05,3.36466061176025e-05,2.95563592481681e-05,2.76969815410261e-05,4.4779996371022e-05,2.1745658976989e-05,0.856532272136922,0.0146911925596315,2.27890032670676e-05,4.6885114025012e-05,3.41402208899624e-05,6.62894432326965e-05,5.87222947158935e-05,3.08781426420911e-05,3.99699042710384e-05,2.66497819950933e-05,2.98979133379857e-05,2.91257635465833e-05,2.45439660542039e-05,2.52760138501848e-05,3.07357271123718e-05,4.76624732108006e-05,6.03830436884792e-05,0.0157428885573993,2.80878786045774e-05,3.15537919232698e-05,0.0157428885573993,2.54044893987206e-05,0.0157428885573993,2.85843973357331e-05,2.74429432299144e-05,0.0157428885573993,2.82756735901056e-05,2.77371551591316e-05,4.2602575510263e-05,4.26438813384621e-05,3.21629501518826e-05
"9",0.0162456052687692,0.0185015217981748,0.0136545337468759,0.0105911202148823,0.0178392890914434,0.0179801802633797,0.021465073865256,0.0125947364235375,0.0225073826439331,0.0200184010976985,0.0138828772692422,0.0158532384280407,0.0299154084841368,0.0151911018460185,0.00964616004465462,0.00940133607906865,0.0093508518950914,0.0178392890914434,0.0151097625328183,0.0107907717527163,0.013492714264268,0.0117747878156872,0.0139167903106751,0.0184595091413328,0.0129208060616959,0.026199199183599,0.0169407604603218,0.0112569033070279,0.0125490788034847,0.0178392890914434,0.0112043681178872,0.0165330861342102,0.0123723483875358,0.0245215053267239,0.0115675787643509,0.0123782949062605,0.012231697831733,0.0121294752322178,0.0122101598149942,0.0057390309485998,0.00902454261654072,0.020551041872931,0.0108085962545935,0.00737105598043403,0.0128170027291954,0.0149229480498001,0.0166475440776812,0.00894575463586585,0.0127372409983732,0.00648434688008782,0.0103011315994975,0.0138573728371236,0.00582922386058674,0.0115948161759397,0.00920342459445515,0.00922374961172622,0.00979025698805749,0.00858920892933323,0.0209211352630016,0.00972990644970121,0.00883318635969868,0.00868815925238935,0.0178392890914434,0.0123515573290995,3.57556501780542e-05,0.0178392890914434,0.0122536503519368,0.0178392890914434,0.0108258369577739,0.0149744853519179,0.0178392890914434,0.0108391190369549,0.0157417229765417,4.82757441746878e-05,4.83225504902961e-05,3.64459269149462e-05
"10",9.39816211303508e-06,0.00528446304692973,9.97156045258096e-06,9.05098804902922e-06,0.00509531405122195,1.13855942216707e-05,9.5188210628724e-06,7.90415708179912e-06,1.32385566127516e-05,9.21146304962902e-06,1.04365121556312e-05,1.02464560597297e-05,1.20843911554299e-05,1.10936772508651e-05,9.01031315382277e-06,8.69496200807229e-06,0.414744985629271,0.00509531405122195,0.526005626040423,8.87106181200301e-06,1.00624869336001e-05,0.00533875153931156,0.00750873442913383,9.71898555239833e-06,8.2562284443434e-06,8.89600865151162e-06,9.21265532246775e-06,9.95273689826029e-06,9.56165849321663e-06,0.00509531405122195,1.12107476555422e-05,1.64838351260316e-05,1.6969177517274e-05,1.05902421752055e-05,1.03908045965977e-05,1.20424773890862e-05,1.127557051428e-05,1.39768527206124e-05,1.83588491381006e-05,1.09773333807142e-05,1.08899980014387e-05,9.56615630168911e-06,8.96435356877983e-06,1.44934103986714e-05,7.03815956865524e-06,8.75916330115633e-06,0.00475492407923542,7.37584644245332e-06,1.51747488660526e-05,1.10497604412429e-05,2.14551179931008e-05,1.90059487682302e-05,9.9939622583388e-06,1.29365849294853e-05,8.62541891003722e-06,9.67670306359719e-06,9.42679049720658e-06,7.94385443641604e-06,8.18078766550091e-06,9.94786831267913e-06,1.54263474953482e-05,1.95434636940785e-05,0.00509531405122195,9.09087058585913e-06,1.02126416489434e-05,0.00509531405122195,8.22236982275914e-06,0.00509531405122195,9.25157291557001e-06,8.88213200115348e-06,0.00509531405122195,9.15165196184502e-06,8.97735608735036e-06,1.3788670409768e-05,1.38020393773531e-05,1.04098006690528e-05
"11",5.86380405362499e-06,0.00329713995812432,6.22156501447366e-06,5.64719141603201e-06,0.00317912404879753,7.10382442300747e-06,5.93908690474552e-06,4.93164810090453e-06,8.25994497608502e-06,5.74731673284447e-06,6.51166276425652e-06,6.39308088705974e-06,7.5398254457132e-06,6.92168839511776e-06,5.62181309072502e-06,5.42505575620297e-06,6.2849608032123e-06,0.00317912404879753,8.03211921005724e-06,5.53492987113224e-06,6.27829685859052e-06,5.65906513707338e-06,5.82649158295167e-06,6.06397572140532e-06,5.15131631454271e-06,5.55049497597681e-06,5.74806062874888e-06,6.20982041666809e-06,5.96581450261819e-06,0.00317912404879753,6.99473224190914e-06,1.02847746260141e-05,1.05875947569007e-05,6.60757967876615e-06,6.48314440431355e-06,7.51367415038201e-06,7.03517722862701e-06,8.72059075533217e-06,1.14546538675442e-05,6.84909785569101e-06,6.79460661103473e-06,5.9686208244539e-06,5.59313748395889e-06,9.04288706923937e-06,4.39132546474154e-06,5.46511292888272e-06,0.00296674421606625,4.60201875089871e-06,9.46799521473293e-06,6.89428733912535e-06,1.33865117823891e-05,1.1858399343374e-05,6.23554219403616e-06,8.07153550207086e-06,5.38166566617738e-06,6.03759436872727e-06,5.88166618806517e-06,4.95641650839966e-06,5.10424647902969e-06,6.20678275552511e-06,9.62497538219606e-06,1.21937715324429e-05,0.00317912404879753,5.67207536443802e-06,6.37198303019634e-06,0.00317912404879753,0.509447857045486,0.00317912404879753,0.44538333521464,0.0162078672499291,0.00317912404879753,5.70999874505268e-06,5.60125015749912e-06,8.60317799059389e-06,8.61151930300961e-06,6.49499664151963e-06
"12",1.96316569262501e-05,0.0110386226933542,2.08294187171893e-05,1.89064510789492e-05,0.0106435126551341,2.37831691955302e-05,1.98836993021741e-05,1.65108558731765e-05,2.76537900170725e-05,1.92416645088862e-05,2.18006482205513e-05,2.14036433565572e-05,2.5242873922867e-05,2.31733889264862e-05,1.8821485999756e-05,1.81627544913809e-05,2.10416639361128e-05,0.0106435126551341,2.68910433023605e-05,1.85306063004865e-05,2.10193534575576e-05,1.89462035699585e-05,1.95067370591074e-05,2.03018194133116e-05,1.72462916019815e-05,1.85827173184427e-05,1.92441550268249e-05,2.07900985228672e-05,1.99731816633001e-05,0.0106435126551341,2.34179352530122e-05,3.44327957031395e-05,3.54466189594357e-05,2.21217721772622e-05,2.17051704976636e-05,0.0240898582262884,0.874188640807389,2.91960038802923e-05,0.00479404890541608,2.29303602452607e-05,2.27479268946928e-05,1.99825770569728e-05,1.87254818241327e-05,3.02750322047995e-05,1.47018887716784e-05,1.82968634527809e-05,0.00993247797933224,1.54072769928187e-05,3.16982682462093e-05,2.30816518688116e-05,4.48172217809027e-05,3.97011949025941e-05,2.0876213458531e-05,2.70230066345318e-05,1.80174871267842e-05,2.02134962598963e-05,1.96914582586434e-05,1.65937789848814e-05,1.70887046748065e-05,2.07799286193588e-05,3.2223828234858e-05,4.08240004564966e-05,0.0106435126551341,1.8989761014549e-05,2.13330090236167e-05,0.0106435126551341,1.71755649178763e-05,0.0106435126551341,1.93254493083014e-05,1.85537306255298e-05,0.0106435126551341,1.91167261707688e-05,1.87526425584001e-05,2.88029131332236e-05,2.88308393364464e-05,2.17448510621079e-05
"13",0.493693823197849,0.00301057735012345,0.478970176368917,5.15638000959755e-06,0.00290281849606026,6.48641343066509e-06,0.000893569837491376,4.50302633795648e-06,7.5420526802308e-06,5.24780318689605e-06,5.94571800975814e-06,5.83744237749568e-06,6.88452052355757e-06,6.32010729650931e-06,5.13320737746072e-06,4.95355071068103e-06,5.73871927818578e-06,0.00290281849606026,7.33402781635212e-06,5.05387539388286e-06,5.73263451351227e-06,5.167221756106e-06,5.32009675449084e-06,5.53694055770291e-06,4.70360264254787e-06,5.06808769687652e-06,5.24848242896314e-06,5.6701095289235e-06,5.44731077380099e-06,0.00290281849606026,6.38680272148639e-06,9.39089936534474e-06,9.66740064790704e-06,6.03329854743137e-06,5.91967825118028e-06,6.86064210213768e-06,6.42373253413775e-06,7.96266259277463e-06,1.04591015016391e-05,6.25382578082996e-06,6.20407050534097e-06,5.44987319124855e-06,5.10702403877095e-06,8.25694733500597e-06,4.00966448166553e-06,4.9901264151738e-06,0.00270889712112186,4.20204589197384e-06,8.64510827765033e-06,6.29508773422565e-06,1.22230568556598e-05,1.08277564572024e-05,5.69359576285131e-06,7.37001834070631e-06,4.91393176095189e-06,5.51285207379052e-06,5.37047599788553e-06,4.52564206175059e-06,4.66062376313441e-06,5.6673358784414e-06,8.7884449095754e-06,1.11339806178675e-05,0.00290281849606026,5.17910123235553e-06,5.81817818767789e-06,0.00290281849606026,4.68431326568162e-06,0.00290281849606026,5.2706539198553e-06,5.06018211992522e-06,0.00290281849606026,5.21372859794167e-06,5.11443161974093e-06,7.85545446250845e-06,7.86307081078241e-06,5.93050038106682e-06
"14",2.05160359772523e-05,0.0115358974113566,2.17677552838499e-05,1.97581606073825e-05,0.0111229882112035,2.48545681447878e-05,2.07794325143696e-05,1.72546471437356e-05,2.88995550925213e-05,2.01084749397123e-05,2.27827373359507e-05,2.23678479507375e-05,2.63800305555618e-05,0.898639337318268,1.96693679686315e-05,1.89809615149153e-05,2.19895618569676e-05,0.0111229882112035,2.81024476909734e-05,1.93653845403511e-05,2.19662463221441e-05,1.97997038932497e-05,2.0385488642496e-05,2.1216388359469e-05,1.8023213237153e-05,1.94198430877481e-05,2.01110776520469e-05,2.17266637690391e-05,2.08729459323704e-05,0.0111229882112035,2.44728809172163e-05,3.59839456290828e-05,3.70434402239041e-05,2.31183274837303e-05,2.26829584734151e-05,2.6288533481144e-05,2.46143881700193e-05,3.05112435618796e-05,4.00770709089826e-05,2.39633413282648e-05,2.3772689607029e-05,2.08827645755615e-05,1.95690389373911e-05,3.16388806232456e-05,1.5364188570859e-05,1.91211118999433e-05,0.0103799224045512,1.61013535578598e-05,3.31262314841219e-05,2.41214484306601e-05,4.68361757701686e-05,4.14896789415885e-05,2.18166580637079e-05,2.82403557891373e-05,1.8829150056026e-05,2.11240863698865e-05,2.05785312771385e-05,1.7341305827181e-05,1.78585272363935e-05,2.17160357254131e-05,3.36754672249372e-05,4.26630653361175e-05,0.0111229882112035,1.98452235406056e-05,2.229403163858e-05,0.0111229882112035,1.79493004135383e-05,0.0111229882112035,2.01960341287102e-05,1.93895505843238e-05,0.0111229882112035,1.99779083018892e-05,1.95974232252529e-05,3.01004446191574e-05,3.01296288592946e-05,2.27244265925247e-05
"15",1.54565570567028e-05,0.00869101890524092,1.63995886882935e-05,1.48855820443149e-05,0.00837993763113517,1.87251597275211e-05,1.56549971261687e-05,1.2999462389622e-05,2.17726086411701e-05,1.51495050298e-05,1.71642650622879e-05,1.68516919384214e-05,1.98744264190071e-05,1.82450625275783e-05,1.48186866416848e-05,1.43000487507265e-05,1.65666953338827e-05,0.00837993763113517,2.11720766453203e-05,1.45896688524434e-05,1.65491296650221e-05,1.49168803013973e-05,1.53582041229051e-05,1.5984194879503e-05,1.35784916761725e-05,0.923632371271474,1.51514658847988e-05,1.63686307905824e-05,1.57254491122394e-05,0.00837993763113517,1.84376007459852e-05,2.71099109671038e-05,2.79081226038099e-05,1.74170950082177e-05,1.70890927588496e-05,1.98054935241326e-05,1.8544210762136e-05,2.29868371018672e-05,3.01936267735662e-05,1.80537191941099e-05,1.79100842730896e-05,1.57328463706021e-05,1.47430998471632e-05,2.38363865273791e-05,1.15752115827215e-05,1.44056365175401e-05,0.00782011998165645,1.21305836192307e-05,2.49569403941183e-05,1.81728353553387e-05,3.52858624303468e-05,3.12578702111843e-05,1.64364315076346e-05,2.12759750977414e-05,1.41856756584399e-05,1.59146555703494e-05,1.55036403319289e-05,1.30647500936706e-05,1.34544190448902e-05,1.6360623738787e-05,2.53707285925259e-05,3.21418866837966e-05,0.00837993763113517,1.49511743057233e-05,1.67960795364037e-05,0.00837993763113517,1.35228065634787e-05,0.00837993763113517,1.52154711648801e-05,1.46078752855922e-05,0.00837993763113517,1.5051137553283e-05,1.47644842591098e-05,2.26773456726234e-05,2.26993327598627e-05,1.71203343861192e-05
"16",2.1184423936514e-05,0.0119117231769956,2.24769227637671e-05,2.04018578918762e-05,0.0114853618880493,2.56643003025517e-05,2.1456401618357e-05,1.78167829483797e-05,2.98410680959726e-05,2.07635850469338e-05,2.35249717193985e-05,2.30965657333269e-05,2.72394604575098e-05,2.5006289428784e-05,2.03101724949589e-05,1.95993385808282e-05,2.27059555302353e-05,0.0114853618880493,2.90179918869015e-05,1.99962856494929e-05,2.26818804031222e-05,2.04447546084008e-05,2.1049623525444e-05,2.19075929632341e-05,1.86103880075752e-05,2.00525183913493e-05,2.0766272552529e-05,2.24344925364605e-05,2.15529615918761e-05,0.0114853618880493,2.52701781607797e-05,3.71562596185821e-05,0.0172893214199301,2.38714949935516e-05,2.34219421806416e-05,2.71449825176403e-05,2.54162955509419e-05,3.15052634515635e-05,4.13827340335618e-05,2.47440383803293e-05,0.878085597673952,2.15631001147405e-05,2.02065748636576e-05,3.26696375821699e-05,1.58647354921051e-05,1.97440548980833e-05,0.0107180878845184,1.66259164343249e-05,3.42054445584336e-05,2.49072964233659e-05,4.83620424618312e-05,4.28413631494411e-05,2.25274187378108e-05,2.91603928662633e-05,1.94425812858471e-05,2.18122838850249e-05,2.1248955258661e-05,1.79062648682752e-05,1.84403367335199e-05,2.24235182438613e-05,3.47725737439848e-05,4.40529770718675e-05,0.0114853618880493,2.04917572315244e-05,2.30203445738443e-05,0.0114853618880493,1.85340671924073e-05,0.0114853618880493,2.08539968097775e-05,2.00212389943278e-05,0.0114853618880493,2.06287647039262e-05,2.02358838777316e-05,3.10810811697159e-05,3.11112161975554e-05,2.34647612815655e-05
"17",2.84158523874495e-05,0.0159778603606139,3.01495533366112e-05,2.7366152793328e-05,0.0154059581230677,3.44249610567646e-05,2.87806712601785e-05,2.38986472229604e-05,4.00274932488216e-05,2.7851357652967e-05,3.15553600041558e-05,3.09807151000228e-05,3.65378114502432e-05,3.35423342780354e-05,2.72431700437052e-05,2.62896887672512e-05,3.04567677930134e-05,0.0154059581230677,3.89234551059541e-05,2.682213606639e-05,3.04244744788168e-05,2.74236925578419e-05,2.82350370584979e-05,2.93858794401576e-05,2.49631540645726e-05,2.68975641873868e-05,2.78549625544981e-05,3.00926393001698e-05,2.89101925519672e-05,0.0154059581230677,3.38963029900274e-05,4.98397686788892e-05,5.13072276970506e-05,3.20201710481879e-05,3.14171607227574e-05,3.64110829066091e-05,3.40922984158427e-05,4.22597715354565e-05,5.55089751418693e-05,3.31905622825506e-05,3.29264990310502e-05,2.89237919195971e-05,2.71042087480113e-05,4.38216116647057e-05,2.12802568179616e-05,2.64838048556329e-05,0.0143767705987622,2.23012713784272e-05,4.58816754391048e-05,3.34095494245137e-05,6.4870711796051e-05,5.74655159366096e-05,3.02172864101602e-05,3.91144655021537e-05,2.60794214421547e-05,2.92580360441939e-05,2.85024118582188e-05,0.837874613767208,2.47350547819896e-05,3.00779188678613e-05,4.66423975276323e-05,5.90907214401166e-05,0.0154059581230677,2.74867398044654e-05,3.0878475396779e-05,0.0154059581230677,2.48607806875858e-05,0.0154059581230677,2.79726320059895e-05,0.0217525554874055,0.0154059581230677,2.76705155881929e-05,2.71435225674498e-05,4.16907921219744e-05,4.17312139198645e-05,3.14745963771261e-05
"18",1.44113375073469e-05,0.00810330568875589,1.52905984626231e-05,1.38789735674606e-05,0.00781326067957906,1.74589072923755e-05,1.45963584538335e-05,1.21203990787628e-05,2.03002784120809e-05,0.928797067064015,1.60035650870209e-05,1.5712129111516e-05,1.85304570635307e-05,1.70112757299697e-05,1.38166018360682e-05,1.3333035821769e-05,1.54464048469603e-05,0.00781326067957906,1.97403562221389e-05,1.36030709285164e-05,1.54300270222246e-05,1.39081553409016e-05,1.4319635499028e-05,1.49032948506363e-05,1.26602726382175e-05,1.36413249317541e-05,1.41268775313839e-05,1.52617340324143e-05,1.46620462616424e-05,0.00781326067957906,1.71907939265736e-05,2.52766560695116e-05,2.60208901998333e-05,1.623929790057e-05,1.59334761641074e-05,1.84661856213363e-05,1.72901946481429e-05,2.14323970394012e-05,2.81518416040804e-05,1.68328716165388e-05,1.66989497271381e-05,1.4668943294824e-05,1.37461264512233e-05,2.22244973406074e-05,1.07924604571114e-05,1.34314834216203e-05,0.00729129960767859,1.13102765419558e-05,2.3269275935834e-05,1.6943932779497e-05,3.28997247482757e-05,2.9144117653218e-05,1.53249498581053e-05,1.98372287441914e-05,1.32263969869589e-05,1.48384580017466e-05,1.44552368678414e-05,1.21812718290572e-05,1.25445901768341e-05,1.52542684418925e-05,2.36550825137111e-05,2.99683542346334e-05,0.00781326067957906,1.3940130280017e-05,1.56602773898078e-05,0.00781326067957906,1.2608353122751e-05,0.00781326067957906,1.41865545791327e-05,1.36200461871041e-05,0.00781326067957906,1.40333337077679e-05,1.37660647839858e-05,2.11438343649258e-05,2.11643346182388e-05,1.59626051372163e-05
"19",3.62485098162207e-06,0.0923293396076004,3.84600949208025e-06,3.49094668931795e-06,0.103534441150695,4.39139928577434e-06,3.67138887993653e-06,3.04861644354013e-06,5.1060829081075e-06,3.55284155306404e-06,0.0724910332002699,3.95203613850666e-06,4.66092376522314e-06,4.27880753587154e-06,3.47525846942525e-06,3.35362820847841e-06,3.88519911795083e-06,0.103534441150695,4.9652469517774e-06,3.42154952537678e-06,3.88107964090439e-06,3.49828671449252e-06,3.60178538381047e-06,3.74859189448526e-06,3.18440961339294e-06,3.43117146790059e-06,3.55330141014225e-06,3.83874928752789e-06,3.68791118499638e-06,0.103534441150695,4.32396134000991e-06,6.35777987428178e-06,6.54497539423113e-06,4.08463370632495e-06,4.00771105975918e-06,4.64475771538842e-06,4.34896337767441e-06,5.39084213433912e-06,7.08096875956147e-06,4.23393395454256e-06,4.20024888596323e-06,3.68964598008296e-06,3.45753195599059e-06,5.59007732350228e-06,2.71460305902445e-06,3.37839050960261e-06,0.110158431730393,2.84484816240164e-06,5.85286810989209e-06,4.26186891653787e-06,8.27519301994599e-06,7.33055369981581e-06,3.85464982054179e-06,4.98961307716134e-06,3.32680558463498e-06,3.73228362918905e-06,3.63589288803081e-06,3.06392762812284e-06,3.15531226670403e-06,3.83687148450526e-06,5.94990916189863e-06,7.53787205452851e-06,0.103534441150695,3.50632929828327e-06,3.93899399274905e-06,0.103534441150695,3.17135041562534e-06,0.103534441150695,3.56831184238021e-06,3.42581927360267e-06,0.103534441150695,3.52977254471346e-06,3.46254699953177e-06,5.31826062042353e-06,5.32341700256413e-06,4.01503780418618e-06
"20",4.91283564550975e-06,0.00276242291972459,5.2125763573336e-06,4.73135238353464e-06,0.00266354636096246,5.95175444568594e-06,4.97590942340174e-06,4.13185303595817e-06,6.92037996791064e-06,4.81523977488602e-06,5.45562720841624e-06,5.35627646820117e-06,6.31704655746843e-06,5.79915651404207e-06,4.71008981404028e-06,4.54524180109247e-06,5.2656908693197e-06,0.00266354636096246,6.72950207805092e-06,4.63729696927457e-06,5.26010765671945e-06,4.74130047174554e-06,4.8815743628561e-06,5.08054426873436e-06,4.31589633281423e-06,4.65033778735226e-06,4.81586302871276e-06,5.20273645166593e-06,4.99830244580612e-06,0.00266354636096246,5.86035440041755e-06,8.61683080243451e-06,8.87054076947855e-06,5.53598869940415e-06,5.4317338426083e-06,6.29513637515259e-06,5.89424018012857e-06,7.3063200476853e-06,9.59698368376719e-06,5.73833841944663e-06,5.69268434801666e-06,5.00065364953346e-06,4.68606470307325e-06,7.57634762788741e-06,3.67915777487141e-06,4.57880266090288e-06,0.0024856094443998,3.85568166227222e-06,7.93251342593897e-06,5.77619925227598e-06,1.12155405692489e-05,9.93525132491455e-06,5.22428677353277e-06,6.76252599267143e-06,4.50888854320899e-06,5.05844133885672e-06,4.92780097006358e-06,4.1526046016844e-06,4.276460095924e-06,5.20019142631963e-06,8.06403517449983e-06,1.02162341868763e-05,0.00266354636096246,4.75220075220659e-06,5.33860017781109e-06,0.00266354636096246,4.29819693148168e-06,0.00266354636096246,4.8362069785543e-06,0.00488414083212448,0.00266354636096246,4.78397386985823e-06,0.00564104732614394,0.468572532255923,0.496648090526862,5.44166393114684e-06
"21",7.40548654499436e-06,0.00416400776246239,7.85730825623507e-06,7.13192317921666e-06,0.00401496369130614,8.97152696466084e-06,7.50056239267676e-06,6.22825273864978e-06,1.04316090413998e-05,7.25837295135896e-06,8.22367707809603e-06,8.07391823758395e-06,9.52215922960752e-06,8.74150462906419e-06,7.09987250957002e-06,6.85138470538917e-06,7.93737175362003e-06,0.00401496369130614,1.0143884446667e-05,0.480875972642959,0.479012021328686,7.14691868053403e-06,7.35836406323937e-06,7.6582863621233e-06,6.50567503748236e-06,7.00980378722659e-06,7.25931242871199e-06,7.84247582659893e-06,7.53431707898892e-06,0.00401496369130614,8.83375280442294e-06,1.29887969336497e-05,1.33712330424156e-05,8.34481199552209e-06,8.18766081136685e-06,9.48913236446363e-06,8.88483138791798e-06,1.10133655409395e-05,1.44662550654683e-05,8.64982894241051e-06,8.58101112799657e-06,7.53786122514477e-06,7.06365765345714e-06,1.14203984148749e-05,5.54587113526259e-06,6.9019735126886e-06,0.00374674599860418,5.81195886286886e-06,1.19572739009638e-05,8.70689942233921e-06,0.00354785494035791,1.49761513139644e-05,7.87496024703157e-06,1.0193663876111e-05,6.79658670652494e-06,7.62496895408759e-06,7.42804490387742e-06,6.25953313389639e-06,6.44622983256436e-06,7.83863951854414e-06,1.21555265211653e-05,1.53996979077801e-05,0.00401496369130614,7.16334949282158e-06,8.04727343606921e-06,0.00401496369130614,6.47899539910641e-06,0.00401496369130614,7.28997839388858e-06,6.99886937831974e-06,0.00401496369130614,7.21124350195188e-06,7.07390327118186e-06,1.08650831901774e-05,1.0875617559385e-05,8.20262918042474e-06
"22",6.31228628132098e-06,0.00354931562087194,6.69740992878686e-06,6.07910642603682e-06,0.00342227348259302,7.64714731941668e-06,6.39332700232752e-06,5.30883610143792e-06,8.89169161864734e-06,6.18688964286132e-06,7.00969526940366e-06,6.88204387624706e-06,8.11649507542941e-06,7.45108095368064e-06,6.05178708637042e-06,5.8399811303571e-06,6.7656544273903e-06,0.00342227348259302,8.64644101950094e-06,5.95825876412481e-06,6.75848080326663e-06,6.09188828671161e-06,6.27212003521188e-06,6.52776770956854e-06,5.5453052328601e-06,5.97501433727822e-06,6.18769043427064e-06,6.68476706710019e-06,6.42209881118086e-06,0.00342227348259302,7.5297114242454e-06,1.10713866262521e-05,1.13973673958043e-05,7.11294821204445e-06,6.97899573534905e-06,8.08834364655351e-06,7.57324977110568e-06,9.38756903990814e-06,1.23307419218213e-05,7.37293846085741e-06,7.31427955395153e-06,0.544268420278407,0.423454033853148,9.73451559238358e-06,0.00110105244912671,5.88310200193851e-06,0.0031936501704361,4.95399565913558e-06,1.01921373495802e-05,7.42158417850656e-06,1.4410354422822e-05,1.27653671250032e-05,6.7124561271245e-06,8.68887199384161e-06,5.79327242939966e-06,6.49936862783432e-06,6.33151456813798e-06,5.3354988748546e-06,5.49463534787491e-06,6.6814970760526e-06,1.0361123855346e-05,1.31263896368124e-05,0.00342227348259302,6.10589357729765e-06,6.85933238875085e-06,0.00342227348259302,5.52256405113113e-06,0.00342227348259302,6.21382947997839e-06,5.96569406926913e-06,0.00342227348259302,6.14671745766713e-06,6.02965143515859e-06,9.2611761766181e-06,9.27015545891479e-06,6.99175446903707e-06
"23",1.65372647723046e-05,0.00929868665122592,1.75462322754208e-05,1.59263677320653e-05,0.00896585487137222,2.00344050218755e-05,1.67495795820098e-05,1.39083723914809e-05,0.918300460833178,1.62087439607722e-05,1.83643740915756e-05,1.80299461532499e-05,2.12640273434166e-05,1.95207398839816e-05,1.58547950667373e-05,1.52998945095005e-05,1.77250228581606e-05,0.00896585487137222,2.26524080349028e-05,1.56097645722773e-05,1.77062290145004e-05,1.59598543334077e-05,1.64320350952569e-05,1.7101794528027e-05,1.45278868530441e-05,1.56536617178281e-05,1.62108419168808e-05,1.75131098310521e-05,1.68249575036979e-05,0.00896585487137222,1.97267401908353e-05,2.90054100646031e-05,2.98594318970279e-05,1.86348816659902e-05,1.82839458124353e-05,2.11902747263312e-05,1.98408042775526e-05,2.45940548103217e-05,3.23047363367431e-05,1.93160180072807e-05,1.91623402696871e-05,1.68328719713044e-05,1.57739233156929e-05,2.5503003920742e-05,1.23845393276572e-05,1.54128648721826e-05,0.0083668953062067,1.29787424468378e-05,2.67019058442373e-05,1.94434626568023e-05,3.77530162499358e-05,3.34433906596634e-05,1.75856511095225e-05,2.27635709679426e-05,1.51775245597741e-05,1.7027393096755e-05,1.6587640065192e-05,1.39782249494772e-05,1.43951391818141e-05,1.75045429338382e-05,2.71446257185028e-05,3.43892167202172e-05,0.00896585487137222,1.59965461417815e-05,1.7970445385167e-05,0.00896585487137222,1.44683082904241e-05,0.00896585487137222,1.62793223850503e-05,1.56292439818533e-05,0.00896585487137222,1.61034987241922e-05,1.57968029053107e-05,2.42629240357651e-05,2.42864484391568e-05,1.83173718244625e-05
"24",7.50335975450495e-06,0.00421904058193523,7.96115288176769e-06,7.22618089034634e-06,0.00406802669805784,9.09009745059814e-06,7.59969215411045e-06,6.310567260656e-06,1.05694764254047e-05,7.35430186193872e-06,8.33236374773234e-06,8.18062564788538e-06,9.64800704252434e-06,0.0504834611509703,0.432738559670405,0.459351805401095,0.0203775687264065,0.00406802669805784,1.02779491730922e-05,7.08253032660373e-06,8.03374729864322e-06,7.24137457686508e-06,7.4556144874e-06,7.75950065250896e-06,6.5916560587269e-06,7.10244753055485e-06,7.35525375571614e-06,7.94612442213615e-06,7.63389295283741e-06,0.00406802669805784,8.95050242428099e-06,1.31604609068206e-05,1.35479514099427e-05,8.45509962183832e-06,8.29587147883936e-06,9.61454368407619e-06,9.00225607819491e-06,1.1158921599472e-05,1.46574455840458e-05,8.76414776740162e-06,8.69442043538513e-06,7.63748393952928e-06,7.15701314620261e-06,1.15713339462491e-05,5.61916709012556e-06,6.99319213762831e-06,0.00379626415705013,5.88877151575755e-06,1.21153049454568e-05,8.82197250851289e-06,1.7129462861074e-05,1.51740807796799e-05,7.97903816675533e-06,1.03283865029317e-05,6.88641250671281e-06,7.72574291126392e-06,7.52621625166315e-06,6.34226106731846e-06,6.53142520752354e-06,7.94223741224297e-06,1.23161777338424e-05,1.56032250967865e-05,0.00406802669805784,7.25802254386944e-06,8.15362870040087e-06,0.00406802669805784,6.5646238139664e-06,0.00406802669805784,7.38632501180999e-06,7.09136860910486e-06,0.00406802669805784,7.30654953509503e-06,7.16739417319234e-06,1.1008679503122e-05,1.10193530978239e-05,8.31103767451025e-06
"25",6.1189413816756e-06,0.00344060032471087,6.49226871800289e-06,5.89290380950567e-06,0.00331744947849026,7.41291571692722e-06,6.1974998309074e-06,5.1462268125811e-06,8.6193397088849e-06,5.99738563372666e-06,6.79498877986784e-06,6.67124734020503e-06,7.86788738308269e-06,7.22285485064377e-06,5.8664212593559e-06,5.66110290537528e-06,6.55842289225382e-06,0.00331744947849026,8.38160111891658e-06,5.775757703262e-06,6.55146899574935e-06,5.90529416265699e-06,6.08000542495406e-06,6.32782262842581e-06,5.37545291058457e-06,5.79200005434887e-06,5.99816189694956e-06,6.48001310631013e-06,6.22539036121166e-06,0.00331744947849026,7.29907687524096e-06,1.0732270806597e-05,0.231580650543184,6.89507909189537e-06,6.76522957045416e-06,7.84059823055934e-06,7.34128164549694e-06,9.10002843844555e-06,0.361390082367402,7.14710585706307e-06,7.09024366848769e-06,6.22831878764846e-06,5.83649796122362e-06,9.43634804160642e-06,4.58239444239303e-06,5.7029029875918e-06,0.00309582888284136,4.80225510890205e-06,9.87995287549234e-06,7.19426155968789e-06,0.206936510119377,1.23743647978395e-05,6.50685405230839e-06,0.169899943230999,5.61582488875259e-06,6.30029340863435e-06,6.13758070737467e-06,5.17207290706074e-06,5.3263350407316e-06,6.47684327486602e-06,1.00437633360753e-05,1.27243292146567e-05,0.00331744947849026,5.91887047214455e-06,6.64923150402675e-06,0.00331744947849026,5.35340828970587e-06,0.00331744947849026,6.02350030546438e-06,5.78296526551524e-06,0.00331744947849026,5.9584439198338e-06,5.84496362163576e-06,8.97750697996506e-06,8.98621122745546e-06,6.77759750499675e-06
"26",3.34711974876494e-05,0.0188204144738731,3.55133339001945e-05,3.22347502419893e-05,0.0181467675082451,4.05493614734755e-05,3.39009197556933e-05,2.81503553009965e-05,4.71486166664703e-05,3.28062758628824e-05,3.71692417349221e-05,3.64923641663997e-05,4.303810021753e-05,3.95097102669615e-05,3.20898881472659e-05,3.09667770165554e-05,3.58752035918403e-05,0.0181467675082451,4.58481637287947e-05,3.15939497811884e-05,3.58371651095781e-05,3.23025266646417e-05,3.32582140620033e-05,3.46137979842615e-05,2.94042440894353e-05,3.1682797002788e-05,3.28105220973232e-05,3.54462945262713e-05,3.40534836371916e-05,0.0181467675082451,3.99266520676856e-05,5.87065528580329e-05,6.04350813544579e-05,3.77167453620211e-05,3.70064559990848e-05,4.28888259302954e-05,4.01575162175513e-05,4.97780302191796e-05,6.53843440618075e-05,3.90953559913636e-05,3.87843143544743e-05,3.40695024112704e-05,3.19262048303662e-05,5.16177307742588e-05,2.50661380425977e-05,3.11954274839482e-05,0.0169344815486984,2.62687970205915e-05,5.40442918532613e-05,3.93533022171521e-05,7.64115880137742e-05,6.76889648220954e-05,3.55931170807337e-05,4.60731559833369e-05,3.07191019136748e-05,3.4463210505996e-05,3.3573156390766e-05,2.82917359220306e-05,2.91355646203127e-05,3.54289552435996e-05,5.49403508175022e-05,6.96033038193631e-05,0.0181467675082451,3.2376790382443e-05,3.63719354264242e-05,0.0181467675082451,2.92836578943819e-05,0.0181467675082451,3.29491256273328e-05,3.16333758394778e-05,0.0181467675082451,0.834626695918049,3.19725128065084e-05,4.91078260649845e-05,4.91554391353769e-05,3.70741097897926e-05
"27",3.12907918393007e-05,0.0175944010323689,3.3199897882369e-05,3.01348901599986e-05,0.0169646372785499,3.79078648008116e-05,3.16925208196587e-05,2.63165639129243e-05,4.40772264023684e-05,3.06691850336968e-05,3.4747935336979e-05,3.41151514306027e-05,4.02344802740509e-05,3.6935939326663e-05,2.99994647796228e-05,2.89495161897515e-05,3.35381943893409e-05,0.0169646372785499,4.28614885374584e-05,2.95358331995523e-05,3.35026338381899e-05,3.01982514405028e-05,3.10916827384215e-05,3.23589602043006e-05,2.74887709450494e-05,2.96188926693427e-05,3.06731546567746e-05,3.31372256372173e-05,3.18351462712853e-05,0.0169646372785499,3.73257203944117e-05,0.845423978925961,5.64981743229035e-05,3.52597730754746e-05,3.45957539106535e-05,4.00949301234912e-05,3.75415454200705e-05,4.6535352741219e-05,6.11250284768618e-05,3.65485772255538e-05,3.62577976943807e-05,3.18501215384655e-05,2.98464442431283e-05,4.82552101540549e-05,2.34332610297411e-05,2.9163271738288e-05,0.0158313229528858,2.45575755018466e-05,5.05236983859574e-05,3.67897201263974e-05,7.14339274993571e-05,6.32795199170115e-05,3.32744837676051e-05,4.30718241791674e-05,2.87179753226859e-05,3.2218182407577e-05,3.1386108859696e-05,2.64487346123599e-05,2.72375939937941e-05,3.31210158829973e-05,5.13613856105076e-05,6.5069153619106e-05,0.0169646372785499,3.02676774159491e-05,3.40025677492022e-05,0.0169646372785499,2.73760400656268e-05,0.0169646372785499,3.08027291725153e-05,2.95726909362207e-05,0.0169646372785499,3.04700464920307e-05,2.98897355906368e-05,4.59088075246491e-05,4.59533189489873e-05,3.46590005477945e-05
"28",5.49250752077218e-06,0.00308836479722425,5.82761502950368e-06,5.28961081239082e-06,0.00297782166453764,6.65400970305153e-06,5.56302345585173e-06,4.61937575613134e-06,7.73692461197864e-06,5.38339618628513e-06,6.09934376700412e-06,5.98827050357746e-06,7.06240310678321e-06,6.4834065427414e-06,5.2658394446339e-06,5.08154079997483e-06,5.88699659192425e-06,0.00297782166453764,7.52352479133496e-06,5.18445767732412e-06,5.88075460879889e-06,5.30073268848403e-06,5.45755767867008e-06,5.68000430283966e-06,4.82513456124292e-06,5.19903719850843e-06,5.38409297864248e-06,0.51638344538129,5.58805866012959e-06,0.00297782166453764,6.55182524742164e-06,9.63354188957042e-06,9.91718742600474e-06,0.000672462389692914,6.07263119185078e-06,7.03790771352469e-06,6.58970925440651e-06,8.16840226433348e-06,1.07293442857175e-05,0.45581997886596,6.36437158719958e-06,5.59068728544643e-06,5.2389795795386e-06,8.47029075035104e-06,4.11326639169342e-06,5.11906154933691e-06,0.00277888973948196,4.3106185624364e-06,8.86848101471048e-06,6.4577405237648e-06,1.25388768057869e-05,1.11075245663328e-05,5.84070717295939e-06,7.56044524064498e-06,5.04089817385481e-06,5.65529341948353e-06,5.50923862345782e-06,4.64257582612011e-06,4.78104519140851e-06,5.81376878435183e-06,9.01552118565042e-06,1.14216609620706e-05,0.00297782166453764,5.31291910723093e-06,5.96850856466636e-06,0.00297782166453764,4.80534678449914e-06,0.00297782166453764,5.40683733761752e-06,5.19092735686721e-06,0.00297782166453764,5.34844117640893e-06,5.2465785579536e-06,8.05842408507271e-06,8.06623722493166e-06,6.08373294446685e-06
"29",9.172188210632e-06,0.00515740089132344,9.73179948640304e-06,8.83336176577901e-06,0.00497279988448642,1.11118335516052e-05,9.28994597900142e-06,7.71410575053896e-06,1.29202424291924e-05,8.98997822875331e-06,1.01855716684466e-05,1.00000853721665e-05,1.17938282778466e-05,1.08269355719893e-05,8.79366487719652e-06,8.48589618514023e-06,9.83096345927025e-06,0.00497279988448642,1.25638763592951e-05,8.65776176120511e-06,9.82053968764739e-06,8.85193469269745e-06,9.11382387913496e-06,9.48529761785755e-06,8.05771174094329e-06,8.68210876697936e-06,8.99114183401397e-06,9.7134285346206e-06,9.33175340569309e-06,0.00497279988448642,1.09411910798937e-05,1.60874899145746e-05,1.65611625013561e-05,0.954683782166741,1.01409631238118e-05,1.17529223061367e-05,1.10044553068291e-05,1.36407865925118e-05,1.79174201934337e-05,1.07133891294676e-05,1.06281536837999e-05,9.33614306670859e-06,8.74881036638619e-06,1.4144923910832e-05,6.86893069556965e-06,8.54855379164353e-06,0.00464059441170129,7.19849806475133e-06,1.48098799504066e-05,1.0784074719131e-05,2.093924087999e-05,1.85489606507266e-05,9.75366265243462e-06,1.26255314974286e-05,8.41802521459766e-06,9.44403178942923e-06,9.20012824024939e-06,7.75284860298514e-06,7.98408489624986e-06,9.70867701163846e-06,1.50554290219889e-05,1.90735513107521e-05,0.00497279988448642,8.87228534782853e-06,9.96708401123728e-06,0.00497279988448642,8.02466723224166e-06,0.00497279988448642,9.02912367390409e-06,8.66856577343582e-06,0.00497279988448642,8.93160526735519e-06,8.76150024618468e-06,1.34571290271052e-05,1.3470176544843e-05,1.01595024456202e-05
"30",2.1174454490083e-05,0.0119061174882844,2.24663450639393e-05,2.0392256723114e-05,0.0114799568460984,2.56522226143493e-05,2.14463041785033e-05,1.78083983227837e-05,2.98270248097017e-05,2.07538136484072e-05,2.35139008049357e-05,2.30856964278642e-05,2.72266414947354e-05,2.49945214022545e-05,2.03006144735891e-05,1.95901150797951e-05,2.26952700469765e-05,0.0114799568460984,2.90043359424908e-05,1.99868753441102e-05,2.26712062496824e-05,2.04351332523293e-05,2.10397175164462e-05,0.895383285325229,1.86016299093207e-05,2.00430816226882e-05,2.07564998892551e-05,2.24239348044108e-05,2.15428187106412e-05,0.0114799568460984,2.52582859475088e-05,3.71387737836615e-05,3.82322706027062e-05,2.38602610043113e-05,2.34109197521546e-05,2.71322080164365e-05,2.54043345744373e-05,3.14904369905176e-05,4.1363259208504e-05,2.47323937698429e-05,2.45356234873556e-05,2.15529524622897e-05,2.01970655956095e-05,3.26542631635512e-05,1.58572695052506e-05,1.97347632931651e-05,0.0107130439237609,1.66180922336879e-05,3.4189347384954e-05,2.48955749832089e-05,4.83392831556042e-05,4.28212018896293e-05,2.25168172744428e-05,2.91466699075717e-05,1.94334315552153e-05,2.18020189660268e-05,2.12389554436177e-05,1.78978381322488e-05,1.84316586618487e-05,2.24129656763431e-05,3.47562096779971e-05,4.40322456233108e-05,0.0114799568460984,2.0482113755893e-05,2.30095111382626e-05,0.0114799568460984,1.85253450109321e-05,0.0114799568460984,2.08441828632341e-05,2.00118169458344e-05,0.0114799568460984,2.06190567522128e-05,2.02263608167833e-05,3.10664543299837e-05,3.10965751761987e-05,2.34537187022953e-05
"31",7.51739227895937e-06,0.00422693088602263,7.97604155512921e-06,0.465115574096599,0.00407563458119145,0.497751787630779,7.61390483609396e-06,6.32236906575448e-06,1.05892430954382e-05,7.3680556234668e-06,8.34794664684403e-06,8.19592477163957e-06,9.66605041232004e-06,8.8735991897025e-06,7.20716005096437e-06,6.95491729969946e-06,8.05731490744864e-06,0.00407563458119145,1.02971706389197e-05,7.0957758303859e-06,8.04877173557778e-06,7.254917145682e-06,7.46955772030369e-06,7.77401220283081e-06,6.6039835463945e-06,7.11573028280446e-06,7.36900929744311e-06,7.96098498979113e-06,7.64816959597435e-06,0.00407563458119145,8.96724134501216e-06,1.31850731466103e-05,1.35732883210982e-05,8.47091205734586e-06,8.3113861313692e-06,9.63252447185381e-06,9.01909178682349e-06,1.11797906295269e-05,1.46848574329144e-05,8.78053817408503e-06,8.71068044041865e-06,7.65176729840559e-06,7.17039794518341e-06,1.15929742556416e-05,5.62967586248695e-06,7.00627056421272e-06,0.00380336379925871,5.89978449301107e-06,1.21379625706383e-05,8.83847105703146e-06,1.71614977913391e-05,1.52024588218611e-05,7.99396028855957e-06,1.03477022949127e-05,6.8992912377167e-06,7.74019132902315e-06,7.54029152154973e-06,6.35412214508033e-06,6.54364005353193e-06,7.9570907105462e-06,1.23392110243802e-05,1.56324057098588e-05,0.00407563458119145,7.27159624713969e-06,8.1688773353956e-06,0.00407563458119145,6.5769007468628e-06,0.00407563458119145,7.40013866192776e-06,7.10463064193793e-06,0.00407563458119145,7.32021399186949e-06,7.18079838641155e-06,1.10292675555935e-05,1.10399611116838e-05,8.32658069033581e-06
"32",1.48800201520069e-05,0.00836683978049154,1.57878762567379e-05,1.43303427782259e-05,0.00806736198536393,1.80267023938707e-05,1.50710583128202e-05,1.25145762806827e-05,2.09604800185354e-05,1.45844213112517e-05,1.65240298395221e-05,1.62231158413369e-05,0.926485968157175,1.75645130470541e-05,1.42659426058227e-05,1.3766650154034e-05,1.59487497452372e-05,0.00806736198536393,2.03823481507858e-05,1.40454672886755e-05,1.59318392841514e-05,1.43604735954837e-05,1.47853358292596e-05,1.53879768339139e-05,1.30720075003822e-05,1.40849653809783e-05,1.45863090254296e-05,1.57580731032856e-05,1.51388824064159e-05,0.00806736198536393,1.77498694986504e-05,2.60986984378053e-05,2.68671364021062e-05,1.67674291086262e-05,1.6451661498634e-05,1.90667392277853e-05,1.78525029106651e-05,2.21294171820985e-05,2.90673901829909e-05,1.73803069106216e-05,1.72420296402391e-05,1.51460037435354e-05,1.41931752345653e-05,2.29472780113484e-05,1.11434507039812e-05,1.38682994470963e-05,0.00752842579956697,1.16781071002796e-05,2.40260346877104e-05,1.7494979982575e-05,3.39696830360299e-05,3.00919368359295e-05,1.58233448214539e-05,2.04823711416832e-05,1.3656543232303e-05,1.53210313739537e-05,1.49253471987494e-05,1.25774287224236e-05,1.29525628370579e-05,1.57503647183176e-05,2.44243883901799e-05,3.09429790750853e-05,0.00806736198536393,1.43934884171928e-05,1.6169577808275e-05,0.00806736198536393,1.3018399468787e-05,0.00806736198536393,1.46479268782251e-05,1.4062994613238e-05,0.00806736198536393,1.44897229882354e-05,1.421376199781e-05,2.18314699298659e-05,2.18526368883292e-05,1.64817377983978e-05
"33",1.4091217751333e-05,0.00792330655691485,1.49509476393275e-05,1.35706792380915e-05,0.00763970433193647,1.70710917173218e-05,1.42721288183433e-05,1.18511680518781e-05,1.98493473191843e-05,1.38112888540887e-05,1.56480771006769e-05,1.53631148069746e-05,1.81188391001752e-05,1.66334034170503e-05,1.35096929730672e-05,1.30368684346674e-05,1.51032930887089e-05,0.00763970433193647,1.93018627086647e-05,1.33009052381732e-05,1.50872790654077e-05,1.35992127953493e-05,1.40015527242806e-05,1.45722472217152e-05,1.23790493731355e-05,1.33383095033365e-05,1.38130764989482e-05,1.49227243761409e-05,1.4336357499614e-05,0.00763970433193647,1.68089339670344e-05,2.47151844524813e-05,2.54428868730922e-05,1.58785735695273e-05,0.410450439900865,0.519948085701393,1.69061266954373e-05,2.09563181391917e-05,2.75265033479299e-05,1.64589622030542e-05,1.63280151272361e-05,1.43431013286549e-05,1.34407830614471e-05,2.17308234770552e-05,1.05527269968022e-05,1.31331292130924e-05,0.00712933760725743,1.10590408072286e-05,2.27523943534408e-05,1.65675563588821e-05,3.21689215279657e-05,2.84967379198912e-05,1.49845359855552e-05,1.93965833965722e-05,1.29325983735929e-05,1.4508850596971e-05,1.41341419731519e-05,1.1910688632746e-05,1.22659365720139e-05,1.49154246191523e-05,2.31296309906365e-05,2.93026656931751e-05,0.00763970433193647,1.36304774735536e-05,1.53124148701367e-05,0.00763970433193647,1.23282831484454e-05,0.00763970433193647,1.38714279374705e-05,1.33175034244985e-05,0.00763970433193647,1.37216105689335e-05,1.34602785030334e-05,2.06741653217403e-05,2.0694210201908e-05,1.56080269962723e-05
"34",4.61825254580632e-05,0.0259678271412805,4.90002022649955e-05,4.44765137020953e-05,0.0250383498451264,5.59487577117008e-05,4.6775442983382e-05,3.88409915964764e-05,6.50542063908883e-05,4.52650871179873e-05,5.12849727982796e-05,5.03510380159398e-05,5.93826426346462e-05,5.45142790579254e-05,4.4276637453869e-05,4.27270033720467e-05,4.94994988991568e-05,0.0250383498451264,6.32598815561292e-05,4.35923569997427e-05,4.94470145751016e-05,0.771822616877985,4.58886574994794e-05,4.77590503655647e-05,4.0571068654969e-05,4.37149456545082e-05,4.52709459412408e-05,4.89077034055196e-05,4.69859459193429e-05,0.0250383498451264,5.50895624888088e-05,8.1001490099709e-05,8.33864603811156e-05,5.20404014083917e-05,5.10603660631219e-05,5.9176678579342e-05,5.54081017189174e-05,6.86821900739514e-05,9.02153003431502e-05,5.39425658143667e-05,5.35134001617347e-05,4.70080481295184e-05,4.40507922640586e-05,7.12205521314042e-05,3.45854837943801e-05,4.30424882313876e-05,0.0233656750861825,3.62448755412413e-05,7.45686462307542e-05,5.429847205715e-05,0.000105430351275579,9.33951449535037e-05,4.9110284635599e-05,6.3570318926262e-05,4.23852689077111e-05,4.75512744097977e-05,4.63232052063929e-05,3.90360642147356e-05,4.02003530142336e-05,4.8883779198335e-05,7.580500073953e-05,9.6036490830337e-05,0.0250383498451264,4.46724963048986e-05,5.0184874156644e-05,0.0250383498451264,4.04046875440153e-05,0.0250383498451264,4.54621868149983e-05,4.36467558583832e-05,0.0250383498451264,4.49711757073268e-05,4.41146865805941e-05,6.7757463062776e-05,6.78231581080861e-05,5.11537126759179e-05
"35",1.81118022929461e-05,0.0101840284067479,1.92168350893643e-05,1.74427408389208e-05,0.00981950721920452,2.1941910455513e-05,1.83443319107633e-05,1.52326091672091e-05,2.55128733820806e-05,1.77520025274155e-05,2.0112873401976e-05,1.97466040833437e-05,2.32886069430749e-05,2.13793384975497e-05,1.73643536339115e-05,1.67566201711353e-05,1.94126485888161e-05,0.00981950721920452,2.48091774205856e-05,1.70959934224432e-05,1.93920653554104e-05,1.74794157492719e-05,0.0296715593904021,1.87300817644857e-05,1.59111085200311e-05,1.71440700803663e-05,0.880860405055155,1.91805590079129e-05,1.84268866762378e-05,0.00981950721920452,2.16049523993279e-05,3.17670582015306e-05,3.2702392720008e-05,2.04091364039898e-05,2.00247874270214e-05,2.32078322298663e-05,2.17298766970152e-05,2.69356912669393e-05,3.53805182243149e-05,2.11551247471562e-05,2.09868151241051e-05,1.84355546920504e-05,1.72757819634347e-05,2.79311827710635e-05,1.35636896959765e-05,1.6880346609699e-05,0.00916351982497022,1.4214467775945e-05,2.9244233925892e-05,2.12947035908894e-05,4.13475369534118e-05,3.66275855151089e-05,1.92600070491593e-05,2.49309243414484e-05,1.66225991968958e-05,1.86485964625288e-05,1.81669738922274e-05,1.53091124909151e-05,1.57657217460228e-05,1.91711764437017e-05,2.97291058163925e-05,3.76634650785151e-05,0.00981950721920452,1.75196010391724e-05,1.96814381588312e-05,0.00981950721920452,1.58458573940481e-05,0.00981950721920452,1.7829300828209e-05,1.71173274955128e-05,0.00981950721920452,1.76367367356744e-05,1.73008399527338e-05,2.65730330399317e-05,2.6598797236681e-05,2.00613959792586e-05
"36",1.23507432536103e-05,0.00694466061989889,1.31042837425486e-05,1.18944989712414e-05,0.00669608747819655,1.49625585652121e-05,1.25093091192304e-05,1.0387372933066e-05,1.73976583725557e-05,1.21053897291569e-05,1.37153073704277e-05,1.34655421486715e-05,1.58808935983244e-05,1.45789312650625e-05,1.18410454149481e-05,1.14266217234804e-05,1.3237812268214e-05,0.00669608747819655,1.69177962357868e-05,1.16580460636014e-05,1.32237762144292e-05,1.19195082107565e-05,1.22721531879755e-05,1.27723584462042e-05,1.08500530776979e-05,1.16908303469596e-05,1.21069565733486e-05,1.30795464711823e-05,1.2565604605248e-05,0.00669608747819655,1.47327811873529e-05,2.16624924137122e-05,2.23003127866992e-05,1.39173341049423e-05,1.36552400594384e-05,1.58258119599492e-05,1.48179691715147e-05,1.83679018694924e-05,2.41265717072442e-05,1.44260361296006e-05,1.43112629608241e-05,1.2571515471328e-05,1.17806468999959e-05,1.90467443049233e-05,9.24930861639812e-06,1.15109928673162e-05,0.00624875861755919,9.69308515783591e-06,1.99421360185608e-05,1.452121729571e-05,2.81955823512739e-05,0.00896288367632501,1.31337234295858e-05,1.70008175131381e-05,0.479777499585569,0.450274505212373,1.23883656970642e-05,1.04395418389461e-05,1.07509113860427e-05,1.30731483425059e-05,2.02727783330916e-05,2.56833516456408e-05,0.00669608747819655,1.1946911237253e-05,1.34211044063905e-05,0.00669608747819655,1.08055572350982e-05,0.00669608747819655,1.21581007433122e-05,1.16725941276082e-05,0.00669608747819655,1.20267880429916e-05,1.17977343652453e-05,1.81205991119791e-05,1.81381681519918e-05,1.36802040482372e-05
"37",3.33248032135214e-05,0.0187380988974223,3.53580078548654e-05,3.20937638651166e-05,0.0180673982876452,4.03720091591026e-05,3.37526459886212e-05,2.8027233000629e-05,4.69424009338072e-05,3.26627897822436e-05,3.70066731812968e-05,3.63327560984383e-05,4.2849862810024e-05,3.93369051153779e-05,3.19495353593531e-05,3.08313364233381e-05,3.57182948230112e-05,0.0180673982876452,4.56476358375636e-05,3.14557660981349e-05,3.56804227111337e-05,3.21612438514015e-05,3.31127513217413e-05,3.44624062740429e-05,2.92756376070606e-05,3.15442247251968e-05,3.26670174447642e-05,3.52912616936511e-05,3.39045425955562e-05,0.0180673982876452,3.97520233215833e-05,5.84497857317483e-05,6.01707540960735e-05,3.75517821705553e-05,3.68445994277435e-05,4.27012414095269e-05,3.99818777319662e-05,4.95603141185188e-05,6.50983700212373e-05,3.89243631171396e-05,3.86146818951166e-05,3.39204913077016e-05,3.17865679505226e-05,5.13919683039551e-05,2.49565053028282e-05,3.10589868333168e-05,0.0168604145502,0.0497763504019776,0.00879760944613192,0.0442333252752581,0.0117114620961431,0.0174607404941574,0.072864718428521,0.0377551266714193,0.0392061121927139,0.0623519345378577,0.0620196876197474,0.0676107618861065,0.042176192400043,0.0553325493603219,0.0293353690115826,6.92988771509325e-05,0.0180673982876452,0.0484087954324053,3.62128540823119e-05,0.0180673982876452,0.0345871514980953,0.0180673982876452,0.0668248955775234,0.0189980140013643,0.0180673982876452,0.0450101622830212,0.0216359565080623,4.88930412622167e-05,4.89404460854772e-05,3.6911957318444e-05
"38",0.0275086565197612,0.00915114586793751,0.0461403610392976,0.0457277482063852,0.008823595077039,0.0455666617388187,0.00168244459748137,0.012266360102549,2.29253117238894e-05,1.59515623963436e-05,1.80729894864481e-05,1.77438678630703e-05,2.09266344009734e-05,1.9211007406603e-05,1.56032295531585e-05,1.50571335148751e-05,0.00102486157752677,0.008823595077039,0.0254498296865695,0.0102181064995419,0.0297047393600617,0.0537609571720652,0.617810640958376,0.00293281858055991,1.42973751812113e-05,1.54052875551311e-05,1.59536270645161e-05,1.72352321006579e-05,1.65579985769162e-05,0.008823595077039,1.94137391393267e-05,2.85451858328329e-05,2.93856570365691e-05,1.83392049601702e-05,1.79938373500307e-05,2.08540520049421e-05,1.95259933893078e-05,2.42038248512904e-05,3.17921622193627e-05,1.9009533819384e-05,1.88582944620293e-05,1.65657874669231e-05,1.55236409813353e-05,2.50983518106316e-05,1.21880358103753e-05,1.51683113947665e-05,0.00823413910810349,1.27728108030984e-05,2.62782309478439e-05,1.91349563249059e-05,3.71539951410482e-05,3.29127496951035e-05,1.73066223781916e-05,2.24023850051262e-05,1.49367051896932e-05,1.67572221565907e-05,1.63244466164912e-05,1.37564346757126e-05,1.41667337961836e-05,1.72268011330406e-05,2.67139262562244e-05,3.38435684838712e-05,0.008823595077039,1.5742731486423e-05,1.76853111842183e-05,0.008823595077039,1.42387419421758e-05,0.008823595077039,1.60210209639804e-05,1.53812572514923e-05,0.008823595077039,1.58479870692062e-05,1.55461575441408e-05,2.38779480761083e-05,2.390109922153e-05,1.80267329968373e-05
"39",5.37029854199827e-06,0.00301964829451166,5.69794986677979e-06,5.1719163107358e-06,0.00291156476034267,6.50595715556093e-06,5.43924548870944e-06,4.51659406824202e-06,7.56477707242503e-06,5.26361494833996e-06,5.96363260591102e-06,5.8550307364772e-06,6.90526375501983e-06,6.33914993688916e-06,5.14867385888235e-06,4.96847588210002e-06,5.75601018201517e-06,0.00291156476034267,7.35612542446073e-06,5.06910284606606e-06,5.74990708379446e-06,5.18279072369597e-06,5.33612633825087e-06,5.55362349723198e-06,4.71777471422476e-06,5.08335797108191e-06,5.26429623698028e-06,5.68719370987298e-06,5.46372365656329e-06,0.00291156476034267,6.4060463168395e-06,9.41919437855699e-06,9.6965287663565e-06,6.0514770259212e-06,5.9375143888933e-06,6.88131338732267e-06,6.44308739993433e-06,7.98665429309023e-06,1.04906150344398e-05,6.27266871335554e-06,6.22276352398477e-06,5.46629379463832e-06,5.12241162914228e-06,8.28182572256479e-06,4.02174570041483e-06,5.00516179009957e-06,0.00271705909548138,4.21470676069432e-06,8.67115620377764e-06,6.31405499004245e-06,1.22598852297878e-05,1.08603807565476e-05,5.7107507084074e-06,7.3922243891594e-06,4.92873755949057e-06,5.52946243411882e-06,5.38665737555816e-06,4.53927793377406e-06,4.67466633837932e-06,5.68441170231303e-06,8.81492471253754e-06,1.11675275782205e-05,0.00291156476034267,5.19470599310272e-06,5.83570850317666e-06,0.00291156476034267,4.69842721798655e-06,0.00291156476034267,5.2865345311256e-06,0.40427518810825,0.00291156476034267,0.0214862151743918,0.547715421634864,7.87912314206274e-06,7.88676243858336e-06,5.9483691261262e-06
"40",9.35741626224739e-06,0.00526155219050764,9.92832862603503e-06,9.01174737578999e-06,0.00507322325266469,1.13362318338224e-05,9.47755209368059e-06,7.86988850873304e-06,1.31811606830049e-05,9.17152663499366e-06,1.03912645250921e-05,1.02020324197998e-05,1.2031999124631e-05,1.10455804727383e-05,8.97124882710651e-06,8.65726489023963e-06,1.00294951689611e-05,0.00507322325266469,1.28175979669777e-05,8.83260121124162e-06,1.00188608941449e-05,9.03069537428208e-06,9.29787329036937e-06,9.67684876752882e-06,8.22043346142907e-06,8.85743989341181e-06,9.17271373871841e-06,9.90958668147236e-06,9.52020380180339e-06,0.00507322325266469,1.11621433171942e-05,1.64123692502172e-05,1.68956074333797e-05,1.05443280462209e-05,1.03457551317593e-05,1.19902670759518e-05,1.12266851356075e-05,0.953772014267207,1.8279254115306e-05,1.09297410129089e-05,1.08427842772756e-05,9.52468210997031e-06,8.9254885004262e-06,1.4430574034454e-05,7.00764553876778e-06,8.72118783780496e-06,0.00473430904570982,7.34386836685061e-06,1.51089585502866e-05,1.1001854065e-05,2.13620990574978e-05,1.89235482367992e-05,9.95063330848049e-06,1.28804982017933e-05,8.58802329718626e-06,9.63474959499302e-06,9.38592052769698e-06,7.9094137549666e-06,8.14531975703805e-06,9.9047392037056e-06,1.53594663705405e-05,1.94587327598835e-05,0.00507322325266469,9.05145700137671e-06,1.01683646118194e-05,0.00507322325266469,8.18672163432721e-06,0.00507322325266469,9.21146260410322e-06,8.84362340544693e-06,0.00507322325266469,9.11197485893774e-06,8.9384346464129e-06,1.3728889454692e-05,1.37422004609489e-05,1.03646688465018e-05
"41",3.44106475591711e-05,0.0193486549029784,3.6510101466841e-05,3.31394964325459e-05,0.0186561004067707,4.16874773281732e-05,3.48524310214879e-05,2.89404630738253e-05,4.84719565713484e-05,3.37270633016083e-05,3.82124863579793e-05,3.75166105841971e-05,4.4246068541413e-05,4.06186457972721e-05,3.29905684329411e-05,3.18359344733131e-05,3.68821279061748e-05,0.0186561004067707,4.71350032782325e-05,3.24807103577271e-05,3.68430217819529e-05,3.32091751643443e-05,3.41916862388132e-05,3.55853179008688e-05,3.02295452822908e-05,3.25720512913822e-05,3.37314287168837e-05,3.64411804708262e-05,0.829986595569191,0.0186561004067707,4.10472900775581e-05,6.03542941825439e-05,6.2131338009805e-05,3.87753569979206e-05,3.80451316469438e-05,4.40926045104482e-05,4.1284633987886e-05,5.11751709718184e-05,6.7219513739496e-05,4.01926616672601e-05,3.98728898949123e-05,3.50257453568293e-05,3.28222909480609e-05,5.30665071703096e-05,2.57696798022129e-05,3.2071002568818e-05,0.0174097887111617,2.70060943117591e-05,5.5561175552018e-05,4.04578477774404e-05,7.85562639504839e-05,6.95888192526639e-05,3.65921239552117e-05,4.73663104842998e-05,3.15813077699347e-05,3.54305038209922e-05,3.45154681853813e-05,2.90858118837655e-05,2.99533246743554e-05,3.64233545192699e-05,5.64823845772436e-05,7.15568888016563e-05,0.0186561004067707,3.32855232729125e-05,3.73928017205071e-05,0.0186561004067707,3.01055745441654e-05,0.0186561004067707,3.38739224900263e-05,3.25212430036518e-05,0.0186561004067707,3.3508069605063e-05,3.28698986694995e-05,5.04861559178691e-05,5.0535105364183e-05,3.81146843048356e-05
"42",4.03547597170289e-05,0.0226909510527158,4.2816874323716e-05,0.0209099251705445,0.0218787643527314,4.88885926338563e-05,4.08728570715787e-05,3.39396528773695e-05,5.68450261532405e-05,3.95530927791181e-05,4.48133300169619e-05,4.39972483202838e-05,5.1889156149752e-05,4.76351306194223e-05,3.86893754251571e-05,3.73352894283217e-05,4.32531647928762e-05,0.0218787643527314,5.52771268917167e-05,3.8091444215648e-05,4.32073034575518e-05,3.89457443906969e-05,4.00979749106641e-05,4.17323431904122e-05,3.54514117795718e-05,3.81985634270386e-05,3.95582122783718e-05,4.27360478810036e-05,4.1056796674625e-05,0.0218787643527314,4.81378191231848e-05,7.07799245986088e-05,7.28639358492671e-05,4.54734312076629e-05,4.4617066370957e-05,5.17091826667147e-05,4.84161619371383e-05,6.00151951367505e-05,7.8831045553222e-05,4.71355617815985e-05,4.67605524762608e-05,4.10761098103187e-05,3.84920296049005e-05,6.22332416789723e-05,3.02211469463008e-05,3.76109633020821e-05,0.0204171641627804,3.16711403054082e-05,6.51588403020264e-05,4.74465562706797e-05,9.2126111562942e-05,8.16096260642603e-05,0.779749191724627,5.55483902181511e-05,3.70366783831589e-05,4.15507864503512e-05,4.04776871096863e-05,3.4110109312117e-05,3.51274766881743e-05,4.27151426658215e-05,6.62391794266596e-05,8.39176609136313e-05,0.0218787643527314,3.90352809090325e-05,4.38520526526795e-05,0.0218787643527314,3.53060262752626e-05,0.0218787643527314,3.97253204958635e-05,3.81389784907346e-05,0.0218787643527314,3.92962700038874e-05,3.85478611075197e-05,5.92071592840184e-05,5.92645642817268e-05,4.46986335891292e-05
"43",0.0128569193774726,0.0112272493085636,0.0130840756436823,0.0132082542621066,0.010825387679025,0.0131333666648966,0.0122488168766918,0.0134565968960188,0.0127456491000621,0.0119668178942748,0.0129315834574793,0.0129610649692729,0.0113848727928749,0.0133781075135331,0.0142388726985581,0.0139019991076193,0.0140023747613062,0.010825387679025,0.0131135373059499,0.0133367541476758,0.0128628312447908,0.0139349585650904,0.0132548491351779,0.0132283415676504,0.0143354101073967,0.0122842148982573,0.0139990061888633,0.0139869772263407,0.0140596920149573,0.010825387679025,0.0135854395204062,0.0129348146991794,0.0137427058051894,0.0117141428622589,0.0138938727531595,0.0130780503668429,0.0138381631141102,0.0128500083063679,0.0122458058476463,0.0138779539011322,0.0136257879123553,0.0132726911336222,0.0140868958742863,0.0137424838699992,0.0141858976161745,0.0142220394631568,0.010102202930889,0.0139934760901167,0.0134298554825008,0.0137106195800484,0.0134695365152814,0.0130831689720944,0.0140848070692567,0.0144486989745363,0.0144689548027467,0.014163357067577,0.0139939024511712,0.0144575727713076,0.0130032366094737,0.014451478073036,0.0147288238400965,0.0136092077573625,0.010825387679025,0.0141547523674629,0.0138967032944764,0.010825387679025,0.0133961268248134,0.010825387679025,0.0136149745249359,0.0133056085940789,0.010825387679025,0.0136664695930078,0.0126349328455275,0.0135026282015161,0.0132498246304342,0.0135814196106261
"44",1.68397352969872e-05,0.00946876185223291,1.78671570568537e-05,1.62176648038927e-05,0.00912984249958712,2.04008390774528e-05,1.70559333952999e-05,1.4162759846278e-05,2.37209984666801e-05,1.65052057613035e-05,1.87002628823416e-05,1.83597181771039e-05,2.16529514851041e-05,1.98777788814336e-05,1.61447830574117e-05,1.55797332363755e-05,1.80492177620784e-05,0.00912984249958712,2.30667259912263e-05,1.58952708966518e-05,1.80300801745263e-05,1.62517638831761e-05,1.67325809439991e-05,1.74145904368505e-05,1.47936053753918e-05,1.59399709314851e-05,1.65073420895308e-05,1.7833428795062e-05,1.71326899971891e-05,0.00912984249958712,2.00875469831286e-05,2.95359259462602e-05,3.04055680420901e-05,1.89757181049368e-05,1.86183635507555e-05,2.15778499150272e-05,2.02036973292504e-05,2.50438859501732e-05,3.28955976843749e-05,1.96693125926843e-05,1.95128240525449e-05,1.71407492222995e-05,1.60624321427144e-05,2.59694599570394e-05,1.26110555115586e-05,1.56947698539882e-05,0.00851992782083821,1.32161267477888e-05,2.71902900832233e-05,1.97990882353017e-05,3.8443527939184e-05,3.40550782669716e-05,0.0218470983334362,2.31799221208766e-05,1.54551251110253e-05,1.73388281856203e-05,0.471380993253545,1.42338900242531e-05,1.46584297175316e-05,0.423606967186245,2.76411074097882e-05,3.50182037122021e-05,0.00912984249958712,1.62891267934935e-05,1.82991291257535e-05,0.00912984249958712,1.47329371066237e-05,0.00912984249958712,1.65770750818282e-05,1.5915106589284e-05,0.00912984249958712,1.63980355641955e-05,1.60857302054939e-05,2.47066987146179e-05,2.47306533849693e-05,1.86524009325306e-05
"45",7.6992893492456e-06,0.00432920921818069,8.16903648442403e-06,7.41487272169805e-06,0.00417425202223559,9.32746033441554e-06,0.457394810591015,0.325431817121522,0.00854275497091435,0.0573021683652692,0.0531913804814867,0.0293405644798812,0.00145884496645676,9.08831216936419e-06,7.3815504844693e-06,0.000919350107883398,8.25227639431166e-06,0.00417425202223559,1.05463295363075e-05,0.019950888454791,0.00558837204096481,7.43046314953529e-06,7.65029734585974e-06,0.00292128137792748,6.76377901997512e-06,7.28790840566388e-06,7.54731596980722e-06,8.15361559791953e-06,7.8332310628947e-06,0.00417425202223559,9.18422016807726e-06,1.35041101328257e-05,1.39017188842695e-05,8.67588128453335e-06,8.51249533669099e-06,9.86560103828426e-06,9.23732522626466e-06,1.14503061336354e-05,1.50401844459924e-05,8.99299937208221e-06,8.92145130264257e-06,7.83691581832354e-06,7.34389885222878e-06,1.18734874941096e-05,5.76589617773026e-06,7.17580010876369e-06,0.00389539315021519,6.04254058112989e-06,1.24316627992432e-05,9.05233404720473e-06,1.75767516525358e-05,1.55703101482557e-05,8.18738879441835e-06,1.0598083898239e-05,7.06623222158748e-06,7.92747943026337e-06,7.72274268093819e-06,6.50787176456819e-06,6.7019754058158e-06,8.14962708945797e-06,1.26377808278026e-05,1.60106603884271e-05,0.00417425202223559,7.44754583239163e-06,8.36653827946992e-06,0.00417425202223559,6.73604090252104e-06,0.00417425202223559,7.57919856626242e-06,7.27654018866351e-06,0.00417425202223559,7.49733997247265e-06,7.35455095117529e-06,1.12961408783254e-05,1.1307093184585e-05,8.52805755583254e-06
"46",1.86530024440993e-05,0.0104883381393705,1.97910548101206e-05,1.79639487135356e-05,0.0101129246663104,2.25975583619467e-05,1.88924802972315e-05,1.56877759281096e-05,2.62752255051551e-05,1.82824514742246e-05,2.07138677121619e-05,2.0336653871974e-05,2.39844955903713e-05,2.20181761482309e-05,1.78832192144512e-05,1.72573260215391e-05,1.99927194277431e-05,0.0101129246663104,2.5550502350752e-05,1.76068401109554e-05,1.9971521145164e-05,1.80017195096911e-05,1.85343099365905e-05,1.92897567718701e-05,1.63865495720466e-05,1.76563533511752e-05,1.82848178377654e-05,1.97536947603016e-05,1.89775018879744e-05,0.0101129246663104,2.22505316362836e-05,3.27162921000838e-05,3.36795754209273e-05,2.10189833716241e-05,2.06231496334449e-05,2.39013072417724e-05,2.23791888064757e-05,2.77405587201777e-05,3.64377261984949e-05,2.17872626495936e-05,2.16139237538085e-05,1.89864289134312e-05,1.77920009271068e-05,2.87657965821624e-05,1.39689873463664e-05,1.73847495392873e-05,0.00943733566251942,1.46392113759731e-05,3.01180831190898e-05,2.19310122594441e-05,4.25830458711362e-05,3.77220572024943e-05,1.9835516794552e-05,2.56758872006794e-05,1.71193003563061e-05,1.92058366013661e-05,1.87098226301632e-05,1.57665652534892e-05,1.62368184847118e-05,1.97440318349709e-05,0.39077064665547,0.517120503774726,0.0101129246663104,1.80431055793161e-05,2.02695407194813e-05,0.0101129246663104,1.63193486721718e-05,0.0101129246663104,1.8362059531463e-05,1.7628811669096e-05,0.0101129246663104,1.81637414165345e-05,1.78178076761029e-05,2.73670638749198e-05,2.7393597933605e-05,2.06608520886347e-05
"47",3.07570964702603e-05,0.0172943111401016,3.26336408236333e-05,2.96209098360896e-05,0.0166752886292888,3.72613087149732e-05,3.11519735659639e-05,2.58677089155336e-05,4.33254457592993e-05,3.01460917828521e-05,3.41552749700474e-05,3.35332838183629e-05,3.95482414627007e-05,3.6305960390015e-05,2.94877942693718e-05,2.84557535900136e-05,3.29661673494536e-05,0.0166752886292888,4.21304435047824e-05,2.90320703839513e-05,3.2931213318635e-05,2.96831904273561e-05,3.05613833718096e-05,3.18070461684817e-05,2.70199227986258e-05,2.91137131924245e-05,3.01499937000864e-05,3.25720375155407e-05,3.1292166399604e-05,0.0166752886292888,3.6689093356563e-05,5.39461759728561e-05,5.55345421415824e-05,3.46583828102349e-05,3.40056891482978e-05,3.94110714778295e-05,3.69012372731816e-05,4.5741646324897e-05,6.00824807267729e-05,3.59252051322406e-05,3.56393851332518e-05,3.13068862488074e-05,2.93373836493061e-05,4.74321698703973e-05,2.30335836116266e-05,2.86658633264867e-05,0.0155613040991243,2.41387217896266e-05,0.848056141471968,3.61622351026694e-05,7.02155512916035e-05,6.22002251868477e-05,3.27069545729084e-05,4.23371916643177e-05,2.82281618811902e-05,3.16686694761648e-05,3.08507877647028e-05,2.59976253131102e-05,2.67730299184283e-05,3.25561042346936e-05,5.04853664356462e-05,6.39593349180568e-05,0.0166752886292888,2.97514322742006e-05,3.34226203628775e-05,0.0166752886292888,2.69091146557259e-05,0.0166752886292888,3.0277358194446e-05,2.90682994755067e-05,0.0166752886292888,2.99503497457561e-05,2.93799366201126e-05,4.51257874560007e-05,4.5169539694021e-05,3.40678570515569e-05
"48",0.0184794066222109,0.00872363101050868,0.0183586401971776,0.0194543933102983,0.00841138243768127,0.0168899195877666,0.0181531622088222,0.0203280948010559,0.0147732576770288,0.0196175556096672,0.0177473429840937,0.0185046007818708,0.0153333321808244,0.0160806296299628,0.0168111340132953,0.0186516112101273,0.0179804571039531,0.00841138243768127,0.0173823404016897,0.0179790686697476,0.0182592311153651,0.0170399827407315,0.0166918699480215,0.0146333484039299,0.0141975850186064,0.0148973106193976,0.0145470250589677,0.0142672314659217,0.0156995165115646,0.00841138243768127,0.015593587931139,0.0153961759574769,0.0114755658762359,0.0112563178595995,0.0162023160573273,0.0137132801544183,0.0135561311377034,0.0119427948609451,0.010954951479477,0.0164738214897762,0.0111787269971791,0.0119374958977978,0.01189407358553,0.0148687402121253,0.0119771068842412,0.0112113255294095,0.0107815598007997,0.0115875279927531,0.0107018653038411,0.0109679679549514,0.00944206982805116,0.0085634662393815,0.0119968207660624,0.00855703277908971,0.00968916029244659,0.0108342929889843,0.00996737385544258,0.010750692883483,0.0135533027835945,0.01050606451479,0.00890068952262124,0.00784154423560488,0.00841138243768127,0.0113499981769484,0.0103700555757949,0.00841138243768127,0.0143878045151303,0.00841138243768127,0.012839949455057,0.0120752674936509,0.00841138243768127,0.0123344572306467,0.0107266572539987,0.0108807124351693,0.0105678460275606,0.0098320522373885
"49",1.26800095565004e-05,0.00712980273484586,1.34536391595734e-05,1.22116019682489e-05,0.00687460272400007,1.53614549101024e-05,1.2842802730167e-05,1.06642965005129e-05,1.78614735886643e-05,1.24281149967231e-05,1.40809524541389e-05,1.38245285828205e-05,1.63042724196907e-05,1.49676002462862e-05,1.21567233596737e-05,1.17312512839981e-05,1.35907275069494e-05,0.00687460272400007,1.73688185026433e-05,1.19688453124776e-05,1.35763172570987e-05,1.22372779449526e-05,1.25993243084281e-05,1.31128648560949e-05,1.1139311528764e-05,1.20025036128526e-05,1.24297236124085e-05,1.342824240159e-05,1.29005990332748e-05,0.00687460272400007,1.51255517512969e-05,2.22400065472331e-05,2.2894830978341e-05,1.42883651475867e-05,1.40192837705837e-05,1.624772232496e-05,1.52130108159937e-05,1.88575834227582e-05,2.47697772944978e-05,1.4810628982372e-05,1.46927960028473e-05,1.29066674808849e-05,1.2094714642379e-05,1.95545235495078e-05,9.49589180494595e-06,1.18178717317041e-05,0.00641534823936635,9.95149926684804e-06,2.04737860791062e-05,1.49083476435961e-05,2.89472662757149e-05,2.5642844751237e-05,1.34838636979115e-05,1.74540530969175e-05,1.16374236678038e-05,1.30558172806623e-05,1.27186350005517e-05,1.07178562103643e-05,0.937349749122499,1.34216737011406e-05,2.08132431969447e-05,2.63680604172942e-05,0.00687460272400007,1.2265411526124e-05,1.37789061465653e-05,0.00687460272400007,1.10936294432568e-05,0.00687460272400007,1.24822312672582e-05,1.19837812225557e-05,0.00687460272400007,1.23474178183212e-05,1.21122576532092e-05,1.86036876640798e-05,1.86217250882805e-05,1.40449132902035e-05
"50",0.0063183917101332,0.0118200104138857,0.00596717415805349,0.00656793663815482,0.0113969318382221,0.00799335433633918,0.00579392181741438,0.00624670221376244,0.00611546876062818,0.00509642152151586,0.00619186404526083,0.00648916026443539,0.00800034381382944,0.00814130232384317,0.010024075190091,0.00766575375062433,0.00787819284492308,0.0113969318382221,0.00662049252007505,0.0083944902365685,0.0102240393017883,0.0077823536927826,0.00935413301229777,0.0102839143801873,0.0091682034742322,0.00765130482069203,0.0108447472197968,0.0110929578927316,0.00870458340531647,0.0113969318382221,0.00781308328052138,0.00998264707105908,0.0159008451052998,0.00907588513308454,0.010952134452678,0.013508606677236,0.0126136209237561,0.0124084883581337,0.0142076897753808,0.0115027634294261,0.0159146005338486,0.0130572265973489,0.0175342002409012,0.015276370360777,0.018381489433346,0.0186158789673779,0.0106355653610735,0.0168641796972706,0.019498056556218,0.0211256826271373,0.0245075187402589,0.0244402734062505,0.0192301974037055,0.0242418801579611,0.0216949417163306,0.022045435545643,0.0214277198504578,0.0205838546408206,0.0124422559582376,0.0201316631651197,0.0222274146630896,0.0255526162053699,0.0113969318382221,0.0203376565362052,0.0182781596708713,0.0113969318382221,0.0133914083945467,0.0113969318382221,0.0172415989275409,0.0172548904563848,0.0113969318382221,0.0176470027067759,0.0160120254422745,0.0113217377663493,0.0111344369393036,0.0177764804977112
